[{"battleye":true,"country":"DE","createdat":"2013-03-09T15:21:53Z","dedicated":true,"gamename":"arma3pc","host":"78.46.47.195","id":17,"island":"Stratis","language":65545,"lat":999999.999999999999,"lng":999999.999999999999,"mission":"A3Wasteland Stratis v0.9f","mod":"Arma 3;@inidb","mode":"Sandbox","modhash":"da39a3ee5e6b4b0d3255bfef95601890afd80709;","name":"\nGaelLords.com Stratis A3Wasteland - Day Only - Base  Player Saving\n","passworded":false,"platform":"win","players":2,"port":2342,"requiredversion":"108","signatures":"a3","state":"playing","updatedat":"2014-01-03T23:53:37Z","verifysignatures":false,"version":"1.08.113494","game":null,"Metadata":{"ServerPassword":null,"IsFavorite":false,"ArmaGameType":0,"HasNotes":false,"Notes":null,"Ping":0,"LastPlayedDate":null}},{"battleye":true,"country":"RU","createdat":"2013-03-09T15:21:53Z","dedicated":true,"gamename":"arma3pc","host":"81.88.208.192","id":20,"island":"Stratis","language":65545,"lat":999999.999999999999,"lng":999999.999999999999,"mission":"Stratis Wasteland by Sa-Matra (v9)","mod":"Arma 3","mode":"SANDBOX","modhash":"","name":"WS.ARMA.SU -Wasteland Sandbox- RU #1","passworded":false,"platform":"win","players":6,"port":2302,"requiredversion":"108","signatures":"a3;jsrs2;Picolly","state":"playing","updatedat":"2014-01-03T23:53:33Z","verifysignatures":false,"version":"1.08.113494","game":null,"Metadata":{"ServerPassword":null,"IsFavorite":false,"ArmaGameType":0,"HasNotes":false,"Notes":null,"Ping":0,"LastPlayedDate":null}},{"battleye":true,"country":"DE","createdat":"2013-03-09T15:21:54Z","dedicated":true,"gamename":"arma3pc","host":"144.76.235.229","id":61,"island":"Altis","language":65545,"lat":36.0,"lng":-115.0,"mission":"Altis Life RPG","mod":"Arma 3;@life_server;@Arma2NET","mode":"RPG","modhash":"\nda39a3ee5e6b4b0d3255bfef95601890afd80709;734b9cd2c3fab6afcce4e833acd85f518e831625;\n","name":"www.OWND.so Gaming Community Altis-Life RPG","passworded":false,"platform":"win","players":2,"port":2302,"requiredversion":"108","signatures":"a3","state":"playing","updatedat":"2014-01-03T23:53:14Z","verifysignatures":false,"version":"1.08.113494","game":null,"Metadata":{"ServerPassword":null,"IsFavorite":false,"ArmaGameType":0,"HasNotes":false,"Notes":null,"Ping":0,"LastPlayedDate":null}},{"battleye":true,"country":"GB","createdat":"2013-03-09T15:21:55Z","dedicated":true,"gamename":"arma3pc","host":"80.5.12.31","id":107,"island":"altis","language":65545,"lat":52.0,"lng":-3.0,"mission":"Patrol Ops 3.0 - NATO","mod":"Arma 3;R3F Armes 3.2","mode":"COOP","modhash":"baa1041842e88fa998c312bc1d25ea21e4c94442;","name":"THE FLYING DUTCHMAN","passworded":false,"platform":"win","players":0,"port":2302,"requiredversion":"108","signatures":"","state":"playing","updatedat":"2014-01-03T23:51:25Z","verifysignatures":false,"version":"1.08.113494","game":null,"Metadata":{"ServerPassword":null,"IsFavorite":false,"ArmaGameType":0,"HasNotes":false,"Notes":null,"Ping":0,"LastPlayedDate":null}},{"battleye":false,"country":"US","createdat":"2013-03-09T15:21:56Z","dedicated":true,"gamename":"arma3pc","host":"198.154.109.171","id":163,"island":"Takistan","language":65545,"lat":999999.999999999999,"lng":999999.999999999999,"mission":"TF88-Tak-Dep-01","mod":"\nArma 3;@ACRE;Community Base Addons: A3 Beta;@JayArmA3Lib;@RH_M4_A3;A3C - ArmA 3 Map Pack v1.2;ALiVE - Advanced Light Infantry Virtual Environment\n","mode":"COOP","modhash":"\ncd64d4f25c2b0a7676fb0dfa991a745faf451d0d;57bc613e41b40b480fff8ae22b2829e717a833d8;a8c60716438aa939699da6cdba6f827d54cd86c3;e5c2bbb1fd517dfabe9d1af6ac75695d6923e5c5;5236428f23000090ecaf69b4e812ceb6399ba849;a431a9fc72424112699cc76b05d2577e48d86671;\n","name":"TF88 Team Server #1","passworded":false,"platform":"win","players":1,"port":2302,"requiredversion":"108","signatures":"","state":"playing","updatedat":"2014-01-03T23:53:54Z","verifysignatures":false,"version":"1.08.113494","game":null,"Metadata":{"ServerPassword":null,"IsFavorite":false,"ArmaGameType":0,"HasNotes":false,"Notes":null,"Ping":0,"LastPlayedDate":null}},{"battleye":true,"country":"GB","createdat":"2013-03-09T15:21:58Z","dedicated":true,"gamename":"arma3pc","host":"109.70.148.19","id":232,"island":"Altis","language":65545,"lat":999999.999999999999,"lng":999999.999999999999,"mission":"Altis Life RPG","mod":"Arma 3;@life_server;@Arma2NET","mode":"RPG","modhash":"\nda39a3ee5e6b4b0d3255bfef95601890afd80709;40febf59d296df3f1ef017c8fe4943d298d7964e;\n","name":"Elite Warriors: Altis Life Server","passworded":false,"platform":"win","players":1,"port":2300,"requiredversion":"108","signatures":"a3","state":"playing","updatedat":"2014-01-03T23:53:21Z","verifysignatures":false,"version":"1.08.113494","game":null,"Metadata":{"ServerPassword":null,"IsFavorite":false,"ArmaGameType":0,"HasNotes":false,"Notes":null,"Ping":0,"LastPlayedDate":null}},{"battleye":true,"country":"FR","createdat":"2013-03-09T15:21:58Z","dedicated":true,"gamename":"arma3pc","host":"87.98.149.63","id":241,"island":"Altis","language":65545,"lat":999999.999999999999,"lng":999999.999999999999,"mission":"Teetimes Warfare Altis V5.05","mod":"Arma 3","mode":"CTI","modhash":"","name":"TIGRES BLANCS #1 www.lestigresblancs.fr","passworded":false,"platform":"win","players":17,"port":2402,"requiredversion":"108","signatures":"a3","state":"playing","updatedat":"2014-01-03T23:53:30Z","verifysignatures":false,"version":"1.08.113494","game":null,"Metadata":{"ServerPassword":null,"IsFavorite":false,"ArmaGameType":0,"HasNotes":false,"Notes":null,"Ping":0,"LastPlayedDate":null}},{"battleye":true,"country":"DE","createdat":"2013-03-09T15:21:59Z","dedicated":true,"gamename":"arma3pc","host":"213.239.197.76","id":268,"island":"altis","language":65545,"lat":999999.999999999999,"lng":999999.999999999999,"mission":"INSURGENCY - Altis","mod":"Arma 3","mode":"Coop","modhash":"dd5a527f1fd99e147af2c34a88cc13281b7d41d4","name":"BierAIG #1 www.bieraig.eu","passworded":false,"platform":"win","players":0,"port":2320,"requiredversion":"108","signatures":"a3;SOS","state":"playing","updatedat":"2014-01-03T23:53:25Z","verifysignatures":false,"version":"1.08.113494","game":null,"Metadata":{"ServerPassword":null,"IsFavorite":false,"ArmaGameType":0,"HasNotes":false,"Notes":null,"Ping":0,"LastPlayedDate":null}},{"battleye":false,"country":"FR","createdat":"2013-03-09T15:21:59Z","dedicated":true,"gamename":"arma3pc","host":"188.165.197.222","id":281,"island":"Altis","language":65545,"lat":999999.999999999999,"lng":999999.999999999999,"mission":"Patrol Ops UST 3.0","mod":"\nArma 3;Community Base Addons: A3 Beta;@ACRE;@101_modsA3;@AfricanConflict;@NATO_RUS_SF;@JS_JC_FA18;@KDK_Mohawk;@RH_M4\n","mode":"COOP","modhash":"\na5c874d4ed682da01888e49aedde15185b309060;9a67554002be2ef5aa2f66d551fca7eba6269738;c913d37cd8d83f3a4c11fc468746898f1ba7e80d;14a71ae388b9e4c22a5fcbb0493f858c95a8964c;0a2a589caf88171f9570211e14fe6939ede0c746;2343947ba280cbc17d3ad0267cf3c333559826b1;a431a9fc72424112699cc76b05d2577e48d86671;5236428f23000090ecaf69b4e812ceb6399ba849;\n","name":"\n[PERF][UST]Arma 3 Alpha DS. Unidad de Simulacion Tactica 101\n","passworded":false,"platform":"win","players":0,"port":2226,"requiredversion":"108","signatures":"\na3;acre2;bi;bi2;cba_a3_beta4;john_spartan;jsrs2;mas;mcc_shay_gman;RHI;sfp;six_Blastcore_A3;six_cba_a3;st_acre_vol;UST_Islas_A3_v1;UST_mods_v1;WarFXPE\n","state":"playing","updatedat":"2014-01-03T23:53:52Z","verifysignatures":false,"version":"1.08.113494","game":null,"Metadata":{"ServerPassword":null,"IsFavorite":false,"ArmaGameType":0,"HasNotes":false,"Notes":null,"Ping":0,"LastPlayedDate":null}},{"battleye":true,"country":"DK","createdat":"2013-03-09T15:22:00Z","dedicated":true,"gamename":"arma3pc","host":"91.100.101.163","id":313,"island":"altis","language":65545,"lat":56.0,"lng":13.0,"mission":"co40 Domination! [2.99u] [HUD v0.1f]","mod":"\nArma 3;@ASM;Community Base Addons: A3 Beta;@mcc_sandbox;@JS_JC_FA18;Hellenic Armed Forces MOD\n","mode":"COOP","modhash":"\n376788fa1b650e3342b2193f5b968a0a71edbd7a;68e71fea41e6dea221b6b4748d1dfc3ce55cc376;9144dab5e779a9fc175e3ac8333ea11267939d08;5236428f23000090ecaf69b4e812ceb6399ba849;9cd116d511f8e15fc760d62e63dfc08ca1a2a20e;\n","name":"[HUD]Arma3-DK Domi-jsrs[PERF]","passworded":false,"platform":"win","players":21,"port":2802,"requiredversion":"108","signatures":"\na3;cba_a3_beta4;Dorph;Dorphkeys;HAFM;john_spartan;jsrs2;shacktac;six_cba_a3;SOS;TMR;vts_key;WarFXPE\n","state":"playing","updatedat":"2014-01-03T23:52:47Z","verifysignatures":false,"version":"1.08.113494","game":null,"Metadata":{"ServerPassword":null,"IsFavorite":false,"ArmaGameType":0,"HasNotes":false,"Notes":null,"Ping":0,"LastPlayedDate":null}},{"battleye":true,"country":"BG","createdat":"2013-03-09T15:22:01Z","dedicated":true,"gamename":"arma3pc","host":"31.13.222.76","id":360,"island":"Altis","language":65545,"lat":999999.999999999999,"lng":999999.999999999999,"mission":"[BG] Domination! v2.99i","mod":"Arma 3","mode":"DOM","modhash":"","name":"=BG=Company | www.bgcompany.eu","passworded":false,"platform":"win","players":0,"port":3302,"requiredversion":"108","signatures":"a3;cba_a3_beta4","state":"playing","updatedat":"2014-01-03T23:52:41Z","verifysignatures":false,"version":"1.08.113494","game":null,"Metadata":{"ServerPassword":null,"IsFavorite":false,"ArmaGameType":0,"HasNotes":false,"Notes":null,"Ping":0,"LastPlayedDate":null}},{"battleye":false,"country":"DE","createdat":"2013-03-09T15:22:01Z","dedicated":true,"gamename":"arma3pc","host":"176.9.119.55","id":365,"island":"Altis","language":65545,"lat":999999.999999999999,"lng":999999.999999999999,"mission":"AIS Injury 02012014","mod":"Arma 3;Community Base Addons: A3 Beta","mode":"","modhash":"5236428f23000090ecaf69b4e812ceb6399ba849;","name":"[GGC] German Gamers Club - Public","passworded":false,"platform":"win","players":0,"port":2102,"requiredversion":"108","signatures":"","state":"playing","updatedat":"2014-01-03T23:53:04Z","verifysignatures":false,"version":"1.08.113494","game":null,"Metadata":{"ServerPassword":null,"IsFavorite":false,"ArmaGameType":0,"HasNotes":false,"Notes":null,"Ping":0,"LastPlayedDate":null}},{"battleye":true,"country":"RU","createdat":"2013-03-09T15:22:01Z","dedicated":true,"gamename":"arma3pc","host":"109.120.135.75","id":368,"island":"Altis","language":65561,"lat":999999.999999999999,"lng":999999.999999999999,"mission":"\n-[EUTW]- TeeTimes v01.83 | Strategic Mode | Layout: South-West II (12)\n","mod":"\nArma 3;Community Base Addons: A3 Beta;Task Force Arrowhead Radio\n","mode":"CTI","modhash":"\n9a1d15c8b04c78c71b6ef4b0c0f9ccf4479fb602;5236428f23000090ecaf69b4e812ceb6399ba849;\n","name":"URAL SERVER 66 [Domination]","passworded":false,"platform":"win","players":0,"port":2402,"requiredversion":"108","signatures":"","state":"playing","updatedat":"2014-01-03T23:53:19Z","verifysignatures":false,"version":"1.08.113494","game":null,"Metadata":{"ServerPassword":null,"IsFavorite":false,"ArmaGameType":0,"HasNotes":false,"Notes":null,"Ping":0,"LastPlayedDate":null}},{"battleye":true,"country":"US","createdat":"2013-03-09T15:22:01Z","dedicated":true,"gamename":"arma3pc","host":"208.70.251.154","id":382,"island":"Altis","language":65545,"lat":999999.999999999999,"lng":999999.999999999999,"mission":"DMM ALTIS DOMINATION V1","mod":"Arma 3","mode":"DOM","modhash":"dd5a527f1fd99e147af2c34a88cc13281b7d41d4","name":"DMMCLAN.NET Dedicated","passworded":false,"platform":"win","players":0,"port":2322,"requiredversion":"108","signatures":"","state":"playing","updatedat":"2014-01-03T23:52:09Z","verifysignatures":false,"version":"1.08.113494","game":null,"Metadata":{"ServerPassword":null,"IsFavorite":false,"ArmaGameType":0,"HasNotes":false,"Notes":null,"Ping":0,"LastPlayedDate":null}},{"battleye":true,"country":"DE","createdat":"2013-03-09T15:22:02Z","dedicated":true,"gamename":"arma3pc","host":"80.242.152.220","id":401,"island":"Altis","language":65545,"lat":999999.999999999999,"lng":999999.999999999999,"mission":"co50 AW Invade  Annex -ALTIS- 2.65b","mod":"Arma 3;Community Base Addons: A3 Beta;@sthud;@Zeu","mode":"COOP","modhash":"\nfb87a9efea28f065f1abd1a33f509b45e5091af4;e060d8b3f62a35d2676fbb5ecd37f26ba4841d43;5236428f23000090ecaf69b4e812ceb6399ba849;\n","name":"FHW 4 ( ArmA3 Test Server )","passworded":false,"platform":"win","players":0,"port":2402,"requiredversion":"108","signatures":"","state":"playing","updatedat":"2014-01-03T23:53:10Z","verifysignatures":false,"version":"1.08.113494","game":null,"Metadata":{"ServerPassword":null,"IsFavorite":false,"ArmaGameType":0,"HasNotes":false,"Notes":null,"Ping":0,"LastPlayedDate":null}},{"battleye":true,"country":"US","createdat":"2013-03-09T15:22:02Z","dedicated":true,"gamename":"arma3pc","host":"108.219.249.242","id":417,"island":"altis","language":65545,"lat":999999.999999999999,"lng":999999.999999999999,"mission":"\nco40 Domination! Blufor [2.99l] Altis (naong v0.10)\n","mod":"Arma 3","mode":"COOP","modhash":"","name":"AdultGamersElite ARMA 3 Server","passworded":false,"platform":"win","players":0,"port":2402,"requiredversion":"108","signatures":"","state":"playing","updatedat":"2014-01-03T23:52:00Z","verifysignatures":false,"version":"1.08.113494","game":null,"Metadata":{"ServerPassword":null,"IsFavorite":false,"ArmaGameType":0,"HasNotes":false,"Notes":null,"Ping":0,"LastPlayedDate":null}},{"battleye":true,"country":"DE","createdat":"2013-03-09T15:22:03Z","dedicated":true,"gamename":"arma3pc","host":"188.138.122.37","id":430,"island":"Altis","language":65545,"lat":999999.999999999999,"lng":999999.999999999999,"mission":"Teetimes Warfare Altis V5.02.i01","mod":"\nArma 3;Community Base Addons: A3 Beta;@zeu_Server;@zeuserver;@ASM\n","mode":"CTI","modhash":"\n06c67d5a943cc11fe69b8032ca5f024a7b56021f;e6a8b79d9c1d140f09c87e1a9e15f64dd98c39e2;dbcd762770297701bcfd77d04a601d0bbdebac5c;5236428f23000090ecaf69b4e812ceb6399ba849;\n","name":"\niOGC.co.uk Teetimes Warfare Altis. Earn money, buy gear.\n","passworded":false,"platform":"win","players":7,"port":2313,"requiredversion":"108","signatures":"\na3;anzins;BEARB;cba_a3_beta4;cba_a3_test;head;mas;mrb;Picolly;pyau2;shacktac;six_a3a_units;six_a3_bearb_ch;six_cba_a3;six_dbo_afghan;six_landtex_a3a;six_norrn_rflocc;six_sakunightlights;six_stmovement;six_tao_foldmap_a3;six_tpw_houselights_mp;vts_key\n","state":"playing","updatedat":"2014-01-03T23:53:33Z","verifysignatures":false,"version":"1.08.113494","game":null,"Metadata":{"ServerPassword":null,"IsFavorite":false,"ArmaGameType":0,"HasNotes":false,"Notes":null,"Ping":0,"LastPlayedDate":null}},{"battleye":false,"country":"NO","createdat":"2013-03-09T15:22:04Z","dedicated":true,"gamename":"arma3pc","host":"208.74.9.235","id":449,"island":"Altis","language":65545,"lat":999999.999999999999,"lng":999999.999999999999,"mission":"{Op4} ConOps - ALTIS","mod":"\nArma 3;Community Base Addons: A3 Beta;@TFA;@XMedSys;@FFIS;@JSRS;@Units;@Weapons;@TMR;@cTab;@op4;@MCC\n","mode":"COOP","modhash":"\n011d61810ed91e193fbcf1d11139de6564b653bd;039bb94eb1aa419e17fd1b44a6b6eff6820bb04b;b9e96260f529eb92ac2eab7b831a7fb10cbf368c;7da43999331d5b08bc27e9fd781442fc5814c76e;33cd43e79b99fc2b003e1ea33811125ee8bfec6e;e822d6ec916fb221253b0c6b386f32f3b653c50e;95a94c7d7b683709222f53fd5ffe349ac173c376;b82fec5c6578011c2c30f0d97b7fc942369e8202;ff107988403211498c152926b3be465ab5638bbb;9a1d15c8b04c78c71b6ef4b0c0f9ccf4479fb602;5236428f23000090ecaf69b4e812ceb6399ba849;\n","name":"www.op4gaming.us","passworded":false,"platform":"win","players":0,"port":2303,"requiredversion":"108","signatures":"","state":"playing","updatedat":"2014-01-03T23:53:39Z","verifysignatures":false,"version":"1.08.113494","game":null,"Metadata":{"ServerPassword":null,"IsFavorite":false,"ArmaGameType":0,"HasNotes":false,"Notes":null,"Ping":0,"LastPlayedDate":null}},{"battleye":true,"country":"DE","createdat":"2013-03-09T15:22:04Z","dedicated":true,"gamename":"arma3pc","host":"5.9.67.46","id":475,"island":"altis","language":65545,"lat":52.0,"lng":20.0,"mission":"CO36 - Resistance: Altis (b0.53)","mod":"\nArma 3;@inidb;Community Base Addons: A3 Beta;ASR AI3 111002;Task Force Arrowhead Radio\n","mode":"COOP","modhash":"\n9a1d15c8b04c78c71b6ef4b0c0f9ccf4479fb602;d9488fff3971f6ba9a68b5ac0155fad7b53d1394;5236428f23000090ecaf69b4e812ceb6399ba849;b547d7cbb2516a4f6347d51bb433b8acd63f13af;\n","name":"\n[LB] Linebackers Arma3 Server #1 pw @ ts.linebackers.de\n","passworded":false,"platform":"win","players":0,"port":2326,"requiredversion":"108","signatures":"\na3;ALiVE;AlphaSounds;anzins;ARC_Mods;asdg_beta;asdg_jointrails;badbenson;baked_ais.pbo;cba_a3_beta4;FHQ;head;head.fastance;HMM;iansky_opt;john_spartan;jsrs2;mas;mrb;outlw;Picolly;POMI_PMC;purple;pyau2;RHI;shacktac;six_babe_midtex_stratis;six_blood_mist;six_cba_a3;six_fa_gps;six_hmm_stanceindicator;six_landtex_a3a;six_norrn_rflocc;six_outlw_magrepack;six_tao_foldmap_a3;SOS;Taosenai;TMR;vts_key;WarFXPE;zam3;[TF]Nkey2\n","state":"playing","updatedat":"2014-01-03T23:51:27Z","verifysignatures":false,"version":"1.08.113494","game":null,"Metadata":{"ServerPassword":null,"IsFavorite":false,"ArmaGameType":0,"HasNotes":false,"Notes":null,"Ping":0,"LastPlayedDate":null}},{"battleye":true,"country":"DE","createdat":"2013-03-09T15:22:05Z","dedicated":true,"gamename":"arma3pc","host":"83.136.86.120","id":495,"island":"altis","language":65545,"lat":999999.999999999999,"lng":999999.999999999999,"mission":"co40 Domination! Blufor [2.99u] TBB | UAV | VAS","mod":"\nArma 3;ASR AI3 0.6.1.23;Community Base Addons: A3 Beta\n","mode":"COOP","modhash":"\n5236428f23000090ecaf69b4e812ceb6399ba849;22ec291f1261b9e3025741264aa992cfee8d53ff;\n","name":"TheButcherBay [TBB]","passworded":false,"platform":"win","players":0,"port":2302,"requiredversion":"108","signatures":"a3;alduric;asrai3;cba_a3_beta4;jsrs2;ollem;tpwcas","state":"playing","updatedat":"2014-01-03T23:53:41Z","verifysignatures":false,"version":"1.08.113494","game":null,"Metadata":{"ServerPassword":null,"IsFavorite":false,"ArmaGameType":0,"HasNotes":false,"Notes":null,"Ping":0,"LastPlayedDate":null}},{"battleye":true,"country":"DE","createdat":"2013-03-09T15:22:06Z","dedicated":true,"gamename":"arma3pc","host":"84.201.34.213","id":522,"island":"altis","language":65545,"lat":999999.999999999999,"lng":999999.999999999999,"mission":"Patrol Ops 3.0 - NATO","mod":"\nArma 3;Community Base Addons: A3 Beta;@mcc_sandbox;Task Force Arrowhead Radio;TMR Modular Realism\n","mode":"COOP","modhash":"\n0dfd0d2fc8a27b9bd2ec8dfa7e0094bb7fbfd240;9a1d15c8b04c78c71b6ef4b0c0f9ccf4479fb602;9144dab5e779a9fc175e3ac8333ea11267939d08;5236428f23000090ecaf69b4e812ceb6399ba849;\n","name":"\n*10.PzD*-#08**ArmA 3 Training***[www.ro-panzerdivision.de]\n","passworded":false,"platform":"win","players":0,"port":2802,"requiredversion":"108","signatures":"","state":"playing","updatedat":"2014-01-03T23:53:55Z","verifysignatures":false,"version":"1.08.113494","game":null,"Metadata":{"ServerPassword":null,"IsFavorite":false,"ArmaGameType":0,"HasNotes":false,"Notes":null,"Ping":0,"LastPlayedDate":null}},{"battleye":false,"country":"DE","createdat":"2013-03-09T15:22:07Z","dedicated":true,"gamename":"arma3pc","host":"144.76.38.84","id":574,"island":"Stratis","language":65545,"lat":999999.999999999999,"lng":999999.999999999999,"mission":"Cards Against Humanity 5","mod":"Arma 3","mode":"Coop","modhash":"","name":"[AT] Kauz Coop Server (armed-tactics.de)","passworded":false,"platform":"win","players":0,"port":2302,"requiredversion":"108","signatures":"","state":"playing","updatedat":"2014-01-03T23:52:33Z","verifysignatures":false,"version":"1.08.113494","game":null,"Metadata":{"ServerPassword":null,"IsFavorite":false,"ArmaGameType":0,"HasNotes":false,"Notes":null,"Ping":0,"LastPlayedDate":null}},{"battleye":true,"country":"DE","createdat":"2013-03-09T15:28:07Z","dedicated":true,"gamename":"arma3pc","host":"89.106.76.74","id":635,"island":"Stratis","language":65545,"lat":999999.999999999999,"lng":999999.999999999999,"mission":"AL CH Camp Maxwell V1.5","mod":"Arma 3","mode":"SC","modhash":"","name":"www.Legion-X.de Legion-X ArmALiga","passworded":false,"platform":"win","players":0,"port":4412,"requiredversion":"108","signatures":"","state":"playing","updatedat":"2014-01-03T23:53:22Z","verifysignatures":false,"version":"1.08.113494","game":null,"Metadata":{"ServerPassword":null,"IsFavorite":false,"ArmaGameType":0,"HasNotes":false,"Notes":null,"Ping":0,"LastPlayedDate":null}},{"battleye":false,"country":"US","createdat":"2013-03-09T15:43:10Z","dedicated":true,"gamename":"arma3pc","host":"206.217.140.50","id":706,"island":"Altis","language":65545,"lat":999999.999999999999,"lng":999999.999999999999,"mission":"[=TFB=] INSURGENCY - Altis V2.1.2","mod":"\nArma 3;Community Base Addons: A3 Beta;ASR AI3 - 102501;@ACRE_A3;@JayArma2lib_A3;@sthud_a3;TMR Modular Realism;@FA18_A3;@NATO_Russian_SF_Weapons;PG Services PMC v0.6;@VTS_Music;@RH_M4_A3;@Nimitz;ALiVE - Advanced Light Infantry Virtual Environment;VTS DuckHunt 1.0\n","mode":"Coop","modhash":"\n214d2fae85eb0cb3873a85bd30baf22bf2e0fa53;e64dcd33a50864bb9636b7779b109def243a3948;6a699fa981445a02f6c37984d6bfe437dec685e0;a5c874d4ed682da01888e49aedde15185b309060;9172a3affc8dc5937eb09c34ea1b818ce840cd7d;f6edf6a7a145e44ff42f431f5f02ff767f429922;ad8010058a94d8932ef2ff833371f9ace56abb0c;a194fcc9e8263baba841a27d0dd82f08e297e97f;250dcab723346edf506df8e77e295a72c656d019;e060d8b3f62a35d2676fbb5ecd37f26ba4841d43;e5c2bbb1fd517dfabe9d1af6ac75695d6923e5c5;a431a9fc72424112699cc76b05d2577e48d86671;aa3dd22bb95fd34113ed431163cc5e7ed3e1d2ab;5236428f23000090ecaf69b4e812ceb6399ba849;\n","name":"TF BLACKJACK-BRAVO","passworded":false,"platform":"win","players":3,"port":2342,"requiredversion":"108","signatures":"","state":"playing","updatedat":"2014-01-03T23:53:40Z","verifysignatures":false,"version":"1.08.113494","game":null,"Metadata":{"ServerPassword":null,"IsFavorite":false,"ArmaGameType":0,"HasNotes":false,"Notes":null,"Ping":0,"LastPlayedDate":null}},{"battleye":false,"country":"US","createdat":"2013-03-09T16:10:11Z","dedicated":false,"gamename":"arma3pc","host":"173.65.62.17","id":794,"island":"Altis","language":65545,"lat":28.0,"lng":-83.0,"mission":"Patrol Ops 3.0 - NATO","mod":"Arma 3;@Blastcore-A3;JSRS 2.0;@CBA;@MCC","mode":"COOP","modhash":"\n011d61810ed91e193fbcf1d11139de6564b653bd;5236428f23000090ecaf69b4e812ceb6399ba849;95a94c7d7b683709222f53fd5ffe349ac173c376;3001349a2ebe50adf47a06a42ae6a2b0ea08a3c8;\n","name":"[DEV] SoulzReaper on Soulz-Gamer","passworded":false,"platform":"win","players":2,"port":25565,"requiredversion":"109","signatures":"","state":"playing","updatedat":"2014-01-03T23:53:28Z","verifysignatures":false,"version":"1.09.113567","game":null,"Metadata":{"ServerPassword":null,"IsFavorite":false,"ArmaGameType":0,"HasNotes":false,"Notes":null,"Ping":0,"LastPlayedDate":null}},{"battleye":true,"country":"DE","createdat":"2013-03-09T17:21:35Z","dedicated":true,"gamename":"arma3pc","host":"144.76.38.131","id":1041,"island":"Zargabad","language":65545,"lat":999999.999999999999,"lng":999999.999999999999,"mission":"ALiVE - Hell of Zargabad v1.3","mod":"\nArma 3;Community Base Addons: A3 Beta;@KHmods;ALiVE - Advanced Light Infantry Virtual Environment;A3C - ArmA 3 Map Pack v1.2\n","mode":"COOP","modhash":"\n57bc613e41b40b480fff8ae22b2829e717a833d8;cd64d4f25c2b0a7676fb0dfa991a745faf451d0d;4d31a5c7db89b82431b3a31af06afe21fac9990c;5236428f23000090ecaf69b4e812ceb6399ba849;\n","name":"\n-=Kellys Heroes=- ALiVE Operations v0.5.6+MODS hosted by Dyneslott\n","passworded":false,"platform":"win","players":0,"port":2402,"requiredversion":"108","signatures":"\na3;ACC-PAF_0-2;alduric;ALiVE;cba_a3_beta4;defk0nNL;J4P;john_spartan;jsrs2;kellysHeroesv2;kio;mrb;outlw;r3f;RHI;shacktac;six_fhq_accessories;six_fhq_m4_a3;six_gnt_c185_a3a;six_outlw_magrepack;six_rh_pdw_a3;six_tao_foldmap_a3;SOS;TMR;WarFXPE;[TF]Nkey2\n","state":"playing","updatedat":"2014-01-03T23:51:43Z","verifysignatures":false,"version":"1.08.113494","game":null,"Metadata":{"ServerPassword":null,"IsFavorite":false,"ArmaGameType":0,"HasNotes":false,"Notes":null,"Ping":0,"LastPlayedDate":null}},{"battleye":true,"country":"US","createdat":"2013-03-09T17:58:48Z","dedicated":true,"gamename":"arma3pc","host":"72.5.102.232","id":1174,"island":"Altis","language":65545,"lat":999999.999999999999,"lng":999999.999999999999,"mission":"[TFA] ALiVE - Occupation 1.13","mod":"\nArma 3;ALiVE - Advanced Light Infantry Virtual Environment;Community Base Addons: A3 Beta;Commander's Tablet / FBCB2 - Blue Force Tracking;Task Force Arrowhead Radio;@asdg_jr;@fa18_a3;@fhq_accessories;@hiddenidentitypack;@mk18_mod1;@nato_russian_sf_weapons;@sthud_a3;Mag Repack [3.0.2];@blastcore_a3;@gnt_c185_a3a;Task Force Apache Units;@tmr\n","mode":"COOP","modhash":"\n;f2a11f4465dcc4bba83bf3cfbc8be6b64d7fd04f;8566ec40599ad37c11f125b2dc6ebb6a9d3f1fe5;3001349a2ebe50adf47a06a42ae6a2b0ea08a3c8;f555f007ba2167ff0a65dbee6ed4e28b8c4f0237;e060d8b3f62a35d2676fbb5ecd37f26ba4841d43;ad8010058a94d8932ef2ff833371f9ace56abb0c;55b86f2c60a2458d068ff4d25efcb8e1d532c3b9;69bdf5fd4f20369aca6e1c5ded8102fbac393c54;3fc32cdba390250d8394a776a790c8d8121bf5d8;a194fcc9e8263baba841a27d0dd82f08e297e97f;55f5a122a5a49feff65429d10e00ab4d39944f05;9a1d15c8b04c78c71b6ef4b0c0f9ccf4479fb602;b9e96260f529eb92ac2eab7b831a7fb10cbf368c;5236428f23000090ecaf69b4e812ceb6399ba849;e64dcd33a50864bb9636b7779b109def243a3948;\n","name":"\n[TFApache.net] Public Operations Server [ALiVE + cTab + TF Radio] [JSAF]\n","passworded":false,"platform":"win","players":10,"port":2302,"requiredversion":"108","signatures":"","state":"playing","updatedat":"2014-01-03T23:53:55Z","verifysignatures":false,"version":"1.08.113494","game":null,"Metadata":{"ServerPassword":null,"IsFavorite":false,"ArmaGameType":0,"HasNotes":false,"Notes":null,"Ping":0,"LastPlayedDate":null}},{"battleye":true,"country":"US","createdat":"2013-03-09T18:17:01Z","dedicated":true,"gamename":"arma3pc","host":"198.144.182.116","id":1241,"island":"Altis","language":65545,"lat":52.0,"lng":0.0,"mission":"A3Wasteland Altis v0.9d82nd","mod":"Arma 3","mode":"Sandbox","modhash":"","name":" Arma 3 Custom Altis Wasteland Server","passworded":false,"platform":"win","players":1,"port":2302,"requiredversion":"108","signatures":"a3","state":"playing","updatedat":"2014-01-03T23:52:07Z","verifysignatures":false,"version":"1.08.113494","game":null,"Metadata":{"ServerPassword":null,"IsFavorite":false,"ArmaGameType":0,"HasNotes":false,"Notes":null,"Ping":0,"LastPlayedDate":null}},{"battleye":false,"country":"US","createdat":"2013-03-09T19:32:37Z","dedicated":false,"gamename":"arma3pc","host":"70.112.185.159","id":1521,"island":"altis","language":65545,"lat":30.0,"lng":-98.0,"mission":"Magnon Wasteland v1.6","mod":"Arma 3","mode":"Sandbox","modhash":"dd5a527f1fd99e147af2c34a88cc13281b7d41d4","name":"Jordan on Jordan-PC","passworded":false,"platform":"win","players":1,"port":2302,"requiredversion":"108","signatures":"","state":"playing","updatedat":"2014-01-03T23:46:18Z","verifysignatures":false,"version":"1.08.113494","game":null,"Metadata":{"ServerPassword":null,"IsFavorite":false,"ArmaGameType":0,"HasNotes":false,"Notes":null,"Ping":0,"LastPlayedDate":null}},{"battleye":true,"country":"GB","createdat":"2013-03-09T21:24:15Z","dedicated":true,"gamename":"arma3pc","host":"77.74.193.124","id":1851,"island":"Altis","language":65545,"lat":52.0,"lng":0.0,"mission":"Patrol Ops 3.0 - NATO","mod":"Arma 3","mode":"COOP","modhash":"dd5a527f1fd99e147af2c34a88cc13281b7d41d4","name":"\n[PERF]Zeus #1 ArmA 3: teamspeak.zeus-community.net\n","passworded":false,"platform":"win","players":0,"port":2302,"requiredversion":"108","signatures":"\na3;badbenson;cba_a3_beta4;DFS;head.fastance;HORDE;jsrs2;mrb;outlw;shacktac;six_tao_foldmap_a3;tao_foldmap_a3;vts_key;ZClient;zeu_hud_info;zserver\n","state":"playing","updatedat":"2014-01-03T23:51:48Z","verifysignatures":false,"version":"1.08.113494","game":null,"Metadata":{"ServerPassword":null,"IsFavorite":false,"ArmaGameType":0,"HasNotes":false,"Notes":null,"Ping":0,"LastPlayedDate":null}},{"battleye":true,"country":"KR","createdat":"2013-03-10T09:28:00Z","dedicated":true,"gamename":"arma3pc","host":"118.36.222.43","id":2919,"island":"altis","language":65545,"lat":999999.999999999999,"lng":999999.999999999999,"mission":"co24 Domination! Blufor [2.99u] Altis (naong v0.2)","mod":"Arma 3","mode":"COOP","modhash":"dd5a527f1fd99e147af2c34a88cc13281b7d41d4","name":"[KOR] [KR] Korea Teamplay Server #1 (Altis)","passworded":false,"platform":"win","players":2,"port":40100,"requiredversion":"108","signatures":"a3;cba_a3_beta4;shacktac;six_cba_a3","state":"playing","updatedat":"2014-01-03T23:53:52Z","verifysignatures":false,"version":"1.08.113494","game":null,"Metadata":{"ServerPassword":null,"IsFavorite":false,"ArmaGameType":0,"HasNotes":false,"Notes":null,"Ping":0,"LastPlayedDate":null}},{"battleye":true,"country":"DE","createdat":"2013-03-10T10:10:14Z","dedicated":true,"gamename":"arma3pc","host":"176.9.29.69","id":2984,"island":"Altis","language":65545,"lat":999999.999999999999,"lng":999999.999999999999,"mission":"\nco40 Altis Domination! Blufor [3.01] fly-german edit\n","mod":"\nArma 3;Community Base Addons: A3 Beta;@ACRE_A3;@Fly_A3\n","mode":"DOM","modhash":"\na3180027fa9bd4279bd5a9c3ac6b999fe1f17566;b22e741eb19579bbf1842443712eb159478399ab;5236428f23000090ecaf69b4e812ceb6399ba849;\n","name":"\nFly-German.de | #4 | Domination | ts3.fly-german.de\n","passworded":false,"platform":"win","players":1,"port":2402,"requiredversion":"108","signatures":"","state":"playing","updatedat":"2014-01-03T23:53:37Z","verifysignatures":false,"version":"1.08.113494","game":null,"Metadata":{"ServerPassword":null,"IsFavorite":false,"ArmaGameType":0,"HasNotes":false,"Notes":null,"Ping":0,"LastPlayedDate":null}},{"battleye":true,"country":"RU","createdat":"2013-03-10T11:16:30Z","dedicated":true,"gamename":"arma3pc","host":"90.155.154.137","id":3083,"island":"Altis","language":65561,"lat":-2.0,"lng":54.0,"mission":"BECTI BE 0.97 - Zerty 1.1.7 A2RU [Strategic,Day]","mod":"Arma 3","mode":"CTI","modhash":"","name":"[ARMA2.RU] Warfare by Benny Altis  Stratis","passworded":false,"platform":"win","players":3,"port":2402,"requiredversion":"108","signatures":"a3;cba_a3_beta4;TMR","state":"playing","updatedat":"2014-01-03T23:53:39Z","verifysignatures":false,"version":"1.08.113494","game":null,"Metadata":{"ServerPassword":null,"IsFavorite":false,"ArmaGameType":0,"HasNotes":false,"Notes":null,"Ping":0,"LastPlayedDate":null}}]