[{"battleye":true,"country":"US","createdat":"2009-05-31T22:36:02Z","dedicated":true,"gamename":"arma2oapc","host":"108.174.63.26","id":105235,"island":"isladuala","language":65545,"lat":43.0,"lng":-79.0,"mission":"STMF_co_123_Big Game Hunters","mod":"Arma 2;Arma 2: British Armed Forces (Lite);Arma 2: Private Military Company (Lite);Arma 2: Operation Arrowhead;beta;expansion;Community Base Addons: CO (A2/OA);@ace;@acex;@acex_sm;@acex_usnavy;@acex_ru;@shacktac;@st_inhouse;@arma1;@ACRE;@sts","mode":"Coop","modhash":"5c48deb9424a32bba314acaf94283e98cbc472e4;4bf9117663a23a09d00cdea7a984cae2aa086cdd;a987b7c2e1c3d65218c0005d4676bfc35e4c067f;f667e1d42dc64539bdf8fdbce14537f29ad4c3fc;6c57e8933f6314d27ceeb60916732c5f05cf82d8;5d5b48af054e7c4f4a09d4ddaf49c90bf9800cdc;eff885d9a0bb94cc938d3b6077a663505a1756aa;37f1ffdc180c0141505fa04fcb507b57206779c2;5bbc0a046166256f223b3c0ec8bc9f412cd18957;73866524c2bfb4212b6217f905afc4d8ced06a32;0320f29d02a44f096f3ddec896cfafa57611ddb6;0d215a096ccdac41d5cd84073d70ab5fcbeb8cfe;da39a3ee5e6b4b0d3255bfef95601890afd80709;1322d8d80f4364e3986981803e5c358d1a53a31e;PMC v. 1.02;BAF v. 1.03;","name":"Shack Tactical (shacktac.com)","passworded":false,"platform":"win","players":58,"port":2302,"requiredversion":"162","signatures":"acre;acre2;bi;dayz;I44;jayarma2lib;st_admin;st_server2;WX;bi2;shacktac;stserver","state":"playing","updatedat":"2014-04-13T03:15:43Z","verifysignatures":false,"version":"1.62.102678","game":null,"Metadata":{"ServerPassword":null,"IsFavorite":true,"ArmaGameType":1,"HasNotes":true,"Notes":"this is a test.","Ping":0,"LastPlayedDate":null}},{"battleye":true,"country":"RU","createdat":"2009-06-07T21:37:26Z","dedicated":true,"gamename":"arma2pc","host":"217.199.212.71","id":106549,"island":"Chernarus","language":65561,"lat":null,"lng":null,"mission":"EVO RED v.1.07w(ATK(b))","mod":"CA","mode":"COOP","modhash":"","name":"otstrel.ru Public #1 [v1.11]","passworded":false,"platform":"win","players":5,"port":2505,"requiredversion":"111","signatures":"\nbi2;cba_a2_b8;cba_b102;cba_b103;cba_b104;cba_b106;cba_b175;cba_b179;cba_oa_b6;CSM2;FPShelper;gdtmod_aircraft_viewdistance;gdtmod_anti_tank_grenade_launcher_ironsights;gdtmod_anti_tank_guided_missiles;gdtmod_binocular;gdtmod_car_mg_zoom;gdtmod_grass;gdtmod_hdr;gdtmod_javelin;gdtmod_nvgoggles;gdtmod_plants2;gdtmod_rifle_zoom;gdtmod_sun;GL4;HiFi_weapons_BETA;jsrs14v2;JSRS15_V2;jsrsfa;PROPER;PROPER_test_version;ricmod;six_csm2;six_dfs_fpscounter;six_gdtmod_bino;six_gdtmod_grass;six_gdtmod_hdr;six_gdtmod_sun;six_hifi_air;six_hifi_sfx;six_hifi_vehicle_weapons;six_hifi_weapons_long;six_rh_heli_sound;SIX_SOW;six_sowmod;six_trfw;six_trrw;six_trtv;six_trwv;TracersWAR.pbo;TRSM;VopSound\n","state":"playing","updatedat":"2014-01-03T23:51:28Z","verifysignatures":false,"version":"1.11.86949","game":null,"Metadata":{"ServerPassword":null,"IsFavorite":true,"ArmaGameType":1,"HasNotes":true,"Notes":"test notes","Ping":0,"LastPlayedDate":null}},{"battleye":true,"country":"GB","createdat":"2010-08-17T11:04:18Z","dedicated":true,"gamename":"arma2oapc","host":"109.70.148.10","id":145530,"island":"Chernarus","language":65545,"lat":52.0,"lng":0.0,"mission":"DayZ Epoch Chernarus","mod":"Arma 2;Arma 2: Operation Arrowhead;Arma 2: British Armed Forces (Lite);Arma 2: Private Military Company (Lite);DayZ Epoch 1.0.4.2;@DayZ_Epoch_Server","mode":"DAYZ","modhash":"65dc39e67216e8efcaf03f16ba6b8267879ff54d;db8392f7cb10a2392919f20f7519ae0af66c1e3c;PMC v. 1.02;BAF v. 1.03;01a7de012d75ad0f4adb45c885cb9c8ab2636963;","name":"DayZ Epoch (1.0.4.2/103718) - Hosted by DayZ-Private Server","passworded":false,"platform":"win","players":2,"port":2320,"requiredversion":"162","signatures":"bi;bi2;brg;CBA;CBA_b196;DayZ+;dayz;dayzsarav2;DayZTaviana;dayz_epoch1042;dayz_i44;finest;FRAN;Graz_Celle;Graz_Conflicts;I44;ibr;ibr_duala195;MBG_B3;MBG_Celle;mbg_celle2;NST;pwnoz0r.dayz;shinkicker;skaronator;Stapo;v2caa1;vilayer_fallujah;vilayer_panthera;vilayer_takistan;vilayer_utes;vilayer_zargabad","state":"playing","updatedat":"2014-04-13T06:37:47Z","verifysignatures":false,"version":"1.62.103718","game":null,"Metadata":{"ServerPassword":null,"IsFavorite":false,"ArmaGameType":1,"HasNotes":true,"Notes":"aaron's big ol test...........","Ping":0,"LastPlayedDate":null}},{"battleye":true,"country":"GB","createdat":"2009-10-23T21:30:46Z","dedicated":true,"gamename":"arma2oapc","host":"78.129.223.223","id":126019,"island":"Chernarus","language":65545,"lat":52.0,"lng":0.0,"mission":"DayZ","mod":"Arma 2: British Armed Forces (Lite);Arma 2: Private Military Company (Lite);beta;Expansion;Arma 2: Operation Arrowhead;Arma 2;Arma 2: DayZ Mod;@hive","mode":"DAYZ","modhash":"c7641e012085835c76b802f2998b448f68209c08;0c67ea8ff1277a3238511d317839da5660d12060;;01a7de012d75ad0f4adb45c885cb9c8ab2636963;20b401fe50e171eebb8c0f5fe2f798cc709608c9;da39a3ee5e6b4b0d3255bfef95601890afd80709;PMC v. 1.02;BAF v. 1.03","name":"UK324 (v1.8.0.3/build 103718 [REGULAR][GMT] hosted by www.FcUK.org.uk FcUK Clan","passworded":false,"platform":"win","players":0,"port":2302,"requiredversion":"162","signatures":"bi;dayz;bi2","state":"playing","updatedat":"2014-04-13T06:47:16Z","verifysignatures":false,"version":"1.62.103718","game":null,"Metadata":{"ServerPassword":null,"IsFavorite":false,"ArmaGameType":1,"HasNotes":true,"Notes":"12345678","Ping":0,"LastPlayedDate":null}},{"battleye":true,"country":"RU","createdat":"2010-07-24T04:13:58Z","dedicated":true,"gamename":"arma2oapc","host":"95.154.113.76","id":142434,"island":"Chernarus","language":65545,"lat":60.0,"lng":100.0,"mission":"DayZ Mod v1.8.0.3","mod":"Arma 2: British Armed Forces (Lite);Arma 2: Private Military Company (Lite);beta;Expansion;Arma 2: Operation Arrowhead;Arma 2;Arma 2: DayZ Mod;@hive","mode":"DAYZ","modhash":"75d56f94d9a5d4828cc4116f3d3e52bac1f57abe;0c67ea8ff1277a3238511d317839da5660d12060;;308222943033ee049ee6c9e930bd074bb81e5b1e;20b401fe50e171eebb8c0f5fe2f798cc709608c9;da39a3ee5e6b4b0d3255bfef95601890afd80709;PMC v. 1.01;BAF v. 1.02","name":"DayZ - Vladivostok 21 (1.8.0.3/beta 103718) [REGULAR 3DP:ON CH:ON][GMT+8] dayzmod.com - hosted by inetvl.ru","passworded":false,"platform":"win","players":0,"port":2302,"requiredversion":"162","signatures":"bi;dayz;bi2","state":"playing","updatedat":"2014-04-13T06:34:50Z","verifysignatures":false,"version":"1.62.103718","game":null,"Metadata":{"ServerPassword":null,"IsFavorite":false,"ArmaGameType":1,"HasNotes":true,"Notes":"765432","Ping":0,"LastPlayedDate":null}},{"battleye":true,"country":"DE","createdat":"2009-06-05T14:16:37Z","dedicated":true,"gamename":"arma2pc","host":"176.9.119.55","id":106040,"island":"Chernarus","language":65543,"lat":null,"lng":null,"mission":"Warfare BE V2.035 Lite","mod":"CA","mode":"CTI","modhash":"","name":"[GGC] German Gamers Club","passworded":false,"platform":"win","players":0,"port":2502,"requiredversion":"111","signatures":"acex_b210;acex_pla_b17;acex_sm_b24;ace_b316;acre;al;AMT;bi;bi2;brg;BWMod;C:\\Dokumente und Einstellungen\\Christian Schatz\\Eigene Dateien\\C1987.biprivatekey;cba_b148;cba_b96;CBA_v0-3-1;CBA_v0-6-0;CBA_v0-7-3;CMR;FDF;HiFi_weapons_BETA;ibr;jayarma2lib;MBG_Dozer;MBG_Kellu;SAH;SAP;smurfCModEmMaik;TRSM;VopSound","state":"playing","updatedat":"2014-04-13T16:24:58Z","verifysignatures":true,"version":"1.11.86949","game":null,"Metadata":{"ServerPassword":null,"IsFavorite":true,"ArmaGameType":0,"HasNotes":true,"Notes":"this is a new note.","Ping":0,"LastPlayedDate":null}},{"battleye":true,"country":"DE","createdat":"2009-12-03T17:25:48Z","dedicated":true,"gamename":"arma3pc","host":"5.9.59.237","id":129414,"island":"Altis","language":65545,"lat":52.0,"lng":0.0,"mission":"OFP: The Altis Incident #6","mod":"Arma 3;Arma 3 Zeus;Community Base Addons: A3 Beta;@Zeus;Task Force Arrowhead Radio;@ASOMods","mode":"COOP","modhash":"5eb42c8699ceecf784b2a6676ee005bb639b4ec2;9a1d15c8b04c78c71b6ef4b0c0f9ccf4479fb602;;5236428f23000090ecaf69b4e812ceb6399ba849;6df9c8687e13249ab4652c2e8b562b462fc45eac;","name":"[ASO] ArmA3 Dedicated Server","passworded":false,"platform":"win","players":10,"port":2302,"requiredversion":"116","signatures":"","state":"playing","updatedat":"2014-04-13T16:24:09Z","verifysignatures":false,"version":"1.16.123633","game":null,"Metadata":{"ServerPassword":null,"IsFavorite":false,"ArmaGameType":2,"HasNotes":true,"Notes":"this is another new note...","Ping":0,"LastPlayedDate":null}},{"battleye":true,"country":"DE","createdat":"2009-06-27T20:49:31Z","dedicated":true,"gamename":"arma2oapc","host":"144.76.116.75","id":109895,"island":"Chernarus","language":65545,"lat":51.0,"lng":9.0,"mission":"DayZ Mod v1.8.0.3","mod":"Arma 2: Operation Arrowhead;Arma 2: British Armed Forces (Lite);Arma 2: Private Military Company (Lite);beta;expansion;Arma 2;@hive;@dayz;@dayz_1.Chernarus","mode":"DAYZ","modhash":";0c67ea8ff1277a3238511d317839da5660d12060;9090bdf5253af9c01c7f85ea9159b849ba5c1a19;;9115195554af6ceb82973ea15a0e36745a59c0cb;da39a3ee5e6b4b0d3255bfef95601890afd80709;PMC v. 1.02;BAF v. 1.03;72ac2582ee76de46ec3ddb3d4ddad72b40b99185","name":"Exodus Testing Server #1","passworded":false,"platform":"win","players":0,"port":2302,"requiredversion":"162","signatures":"bi2;bi;dayz","state":"playing","updatedat":"2014-04-13T18:17:24Z","verifysignatures":false,"version":"1.62.103718","game":null,"Metadata":{"ServerPassword":null,"IsFavorite":false,"ArmaGameType":1,"HasNotes":true,"Notes":"test","Ping":0,"LastPlayedDate":null}},{"battleye":true,"country":"DE","createdat":"2009-08-27T14:08:20Z","dedicated":true,"gamename":"arma2oapc","host":"188.40.85.21","id":120588,"island":"tup_qom","language":65543,"lat":null,"lng":null,"mission":"Patrol Ops Qom Province US 0.13 North","mod":"\nArma 2;Arma 2: Operation Arrowhead;Arma 2: British Armed Forces (Lite);Arma 2: Private Military Company (Lite);@CBA;@CBA_A2;@CBA_OA;@fallujah1_2;Arma 2: Qom Province (Lite)\n","mode":"","modhash":"\nc38815ddca9e334ff724881b54f466f68c7170b8;4b34d1683b4bad90e4a2de4aa23bc5f31b152aa9;8d15d603cca8999344e01c1719c293053db5962d;d5af993459674089a8da572ab84c0bb807769227;8b86153a0230a876b4135f6b024dd371e823f1c8;PMC v. 1.02;BAF v. 1.03;01a7de012d75ad0f4adb45c885cb9c8ab2636963;\n","name":"\nTeam Heavy Strike (GER) [NO ACE!] by serverline.de\n","passworded":false,"platform":"win","players":0,"port":2302,"requiredversion":"162","signatures":"","state":"playing","updatedat":"2014-01-03T23:53:13Z","verifysignatures":false,"version":"1.62.95251","game":null,"Metadata":{"ServerPassword":null,"IsFavorite":true,"ArmaGameType":1,"HasNotes":true,"Notes":"test","Ping":180,"LastPlayedDate":null}},{"battleye":true,"country":"GB","createdat":"2010-09-11T11:29:11Z","dedicated":true,"gamename":"arma2oapc","host":"37.59.229.103","id":147824,"island":"Chernarus","language":65545,"lat":49.0,"lng":2.0,"mission":"DayZ Mod v1.8.0.3","mod":"\nArma 2: British Armed Forces (Lite);Arma 2: Private Military Company (Lite);beta;Expansion;Arma 2: Operation Arrowhead;Arma 2;Arma 2: DayZ Mod;@hive;@ASM\n","mode":"DAYZ","modhash":"\nf23f1f2304ee6732603009d192180cb1eba64ae3;fa034ddd077a2482339baf2ebdc41a0d4557e3f4;0c67ea8ff1277a3238511d317839da5660d12060;;01a7de012d75ad0f4adb45c885cb9c8ab2636963;20b401fe50e171eebb8c0f5fe2f798cc709608c9;da39a3ee5e6b4b0d3255bfef95601890afd80709;PMC v. 1.02;BAF v. 1.03\n","name":"\nDayZ OFFICIAL - FR16 (v1.8.0.3/Beta 108074) [VETERAN|3DP:ON|CH:ON|NP:OFF|SS:ON][UTC -8] dayzmod.com Hosted by =OSF=\n","passworded":false,"platform":"win","players":4,"port":2302,"requiredversion":"162","signatures":"bi;bi2;dayz;dayzredux","state":"playing","updatedat":"2014-01-03T23:45:38Z","verifysignatures":false,"version":"1.62.108074","game":null,"Metadata":{"ServerPassword":null,"IsFavorite":true,"ArmaGameType":1,"HasNotes":false,"Notes":null,"Ping":0,"LastPlayedDate":null}},{"battleye":false,"country":"SE","createdat":"2010-10-03T12:52:17Z","dedicated":true,"gamename":"arma2oapc","host":"213.65.83.161","id":149854,"island":"lingor","language":65545,"lat":null,"lng":null,"mission":"WAR IN LINGOR 1.6D FINAL RELEASE","mod":"\nArma 2;Arma 2: Operation Arrowhead;Arma 2: British Armed Forces (Lite);Arma 2: Private Military Company (Lite);@ACE;@ACEX;@ACEX_PLA;@ACEX_RU;@ACEX_SM;@ACEX_USNavy;@ags;@beton;@brg_africa;@CBA;@CBA_A2;@CBA_OA;@chn_crocodile;@csj_snake;Dingor Island 1.0;@everon_2010;@hotze_base;@ibr_dtowns;@ibr_lcivilians;@ibr_plants;@ibr_rn;Isla Duala 1.97;@JayArma2Lib;Lingor Island 1.4;@malden_2010;@MBG_Buildings2;@mbg_buildings3;@mbg_gen_afr_buildings;@NGS_CAPRAIAv2_ALPHA3;@nogova_2010;Panthera Island 2.9;@taviana;@taviana\n","mode":"COOP","modhash":"\n6363077a214e2e681a4341293c6b76876c60a38f;8e2f5fa8efe5662d4f781c3e2cd81a4b53bcf0fe;41f579859f8d02cf9667de66c085c8fd60826f8e;b217124c879e502e141098248890c600e7cb4e10;4fed885bc0cf3d8c24287e5708fd44c0e5b9eb40;4d30aed57b2d39a3a229f648337522f2e4bca170;e517c1da002988153d0db2b99c5bde67c7c1a2a5;661b1ece33b89c3eddf3050461ca9408a2c7e2fa;ca76e24602ca316a9e3b9abf285939c0fa655a9a;aafb3ce74638f0928eeca3b140214d72964c39d0;7f8f532d03b8557b34caae7b11c9f8ccfa22e104;58208c87737571d5c9cd9f1b52a7bb8837f8f876;d01c5b0f014d67741e0c77a613b1297d902421eb;192ae5954aced9bb3502bb2d42be90cc92999fd4;7d2f31903a8cd5cbac05e3d1a39b492617888f11;db447e99d3f93e311de332ce3558d816170902c8;da39a3ee5e6b4b0d3255bfef95601890afd80709;9dbe8b3eb8b1a06bfa89365fbdd02aa9f5ad4b32;66a6f2c4aeae297407e888abb5e481258b790eef;027abb971b2cc071cd52d92891f1dc7f0594d257;60ac5f59e7e82e38fd54453c6d0a9a93aedfbf62;b1375594c44e3dc67753503d8b2a75ddf1a4b7e0;54a91157964e6843e68cbb8c5c5d338a1799d040;2babaa99d8bc748c75f9d31ef14ea4b3921ff782;8d15d603cca8999344e01c1719c293053db5962d\n","name":"Prebens Server","passworded":false,"platform":"win","players":0,"port":2302,"requiredversion":"162","signatures":"","state":"playing","updatedat":"2014-01-03T23:54:00Z","verifysignatures":false,"version":"1.62.95251","game":null,"Metadata":{"ServerPassword":null,"IsFavorite":true,"ArmaGameType":1,"HasNotes":false,"Notes":null,"Ping":175,"LastPlayedDate":null}},{"battleye":false,"country":"FR","createdat":"2010-10-10T18:18:23Z","dedicated":true,"gamename":"arma2oapc","host":"195.154.187.72","id":150580,"island":"i44_omaha_v2","language":65548,"lat":49.0,"lng":2.0,"mission":"[I44] CH Battleground 1-100 v1.04 Beta Invasion","mod":"\nArma 2;Arma 2: Operation Arrowhead;Arma 2: British Armed Forces (Lite);Arma 2: Private Military Company (Lite);@cba;Invasion 1944\n","mode":"Hold","modhash":"\ncac03ffb32b88e3306de57dff80764d9a3610472;8b86153a0230a876b4135f6b024dd371e823f1c8;PMC v. 1.02;BAF v. 1.03;c7fec358b415d6c61ea65ff9e2b2dede8afdc1e6;\n","name":"[FR] OTEA Public I44 2.61 / RUG_DSAI Voices","passworded":false,"platform":"linux","players":5,"port":2392,"requiredversion":"162","signatures":"\ncba_b179;WX;bi2;ofrp;cba_a2_b8;cba_oa_b6;TITI_RUG_DSAI;VopSound;jsrs14v2;soa;CSM2;I44;jsrs15;bi\n","state":"playing","updatedat":"2014-01-03T23:53:31Z","verifysignatures":true,"version":"1.62.102451","game":null,"Metadata":{"ServerPassword":null,"IsFavorite":true,"ArmaGameType":1,"HasNotes":false,"Notes":null,"Ping":0,"LastPlayedDate":null}},{"battleye":true,"country":"FR","createdat":"2013-03-09T15:21:58Z","dedicated":true,"gamename":"arma3pc","host":"87.98.149.63","id":241,"island":"Altis","language":65545,"lat":999999.999999999999,"lng":999999.999999999999,"mission":"Teetimes Warfare Altis V5.05","mod":"Arma 3","mode":"CTI","modhash":"","name":"TIGRES BLANCS #1 www.lestigresblancs.fr","passworded":false,"platform":"win","players":17,"port":2402,"requiredversion":"108","signatures":"a3","state":"playing","updatedat":"2014-01-03T23:53:30Z","verifysignatures":false,"version":"1.08.113494","game":null,"Metadata":{"ServerPassword":null,"IsFavorite":true,"ArmaGameType":2,"HasNotes":false,"Notes":null,"Ping":0,"LastPlayedDate":null}},{"battleye":true,"country":"DK","createdat":"2013-03-09T15:22:00Z","dedicated":true,"gamename":"arma3pc","host":"91.100.101.163","id":313,"island":"altis","language":65545,"lat":56.0,"lng":13.0,"mission":"co40 Domination! [2.99u] [HUD v0.1f]","mod":"\nArma 3;@ASM;Community Base Addons: A3 Beta;@mcc_sandbox;@JS_JC_FA18;Hellenic Armed Forces MOD\n","mode":"COOP","modhash":"\n376788fa1b650e3342b2193f5b968a0a71edbd7a;68e71fea41e6dea221b6b4748d1dfc3ce55cc376;9144dab5e779a9fc175e3ac8333ea11267939d08;5236428f23000090ecaf69b4e812ceb6399ba849;9cd116d511f8e15fc760d62e63dfc08ca1a2a20e;\n","name":"[HUD]Arma3-DK Domi-jsrs[PERF]","passworded":false,"platform":"win","players":21,"port":2802,"requiredversion":"108","signatures":"\na3;cba_a3_beta4;Dorph;Dorphkeys;HAFM;john_spartan;jsrs2;shacktac;six_cba_a3;SOS;TMR;vts_key;WarFXPE\n","state":"playing","updatedat":"2014-01-03T23:52:47Z","verifysignatures":false,"version":"1.08.113494","game":null,"Metadata":{"ServerPassword":null,"IsFavorite":true,"ArmaGameType":2,"HasNotes":false,"Notes":null,"Ping":0,"LastPlayedDate":null}},{"battleye":true,"country":"DE","createdat":"2013-03-09T15:22:04Z","dedicated":true,"gamename":"arma3pc","host":"5.9.67.46","id":475,"island":"altis","language":65545,"lat":52.0,"lng":20.0,"mission":"CO36 - Resistance: Altis (b0.53)","mod":"\nArma 3;@inidb;Community Base Addons: A3 Beta;ASR AI3 111002;Task Force Arrowhead Radio\n","mode":"COOP","modhash":"\n9a1d15c8b04c78c71b6ef4b0c0f9ccf4479fb602;d9488fff3971f6ba9a68b5ac0155fad7b53d1394;5236428f23000090ecaf69b4e812ceb6399ba849;b547d7cbb2516a4f6347d51bb433b8acd63f13af;\n","name":"\n[LB] Linebackers Arma3 Server #1 pw @ ts.linebackers.de\n","passworded":false,"platform":"win","players":0,"port":2326,"requiredversion":"108","signatures":"\na3;ALiVE;AlphaSounds;anzins;ARC_Mods;asdg_beta;asdg_jointrails;badbenson;baked_ais.pbo;cba_a3_beta4;FHQ;head;head.fastance;HMM;iansky_opt;john_spartan;jsrs2;mas;mrb;outlw;Picolly;POMI_PMC;purple;pyau2;RHI;shacktac;six_babe_midtex_stratis;six_blood_mist;six_cba_a3;six_fa_gps;six_hmm_stanceindicator;six_landtex_a3a;six_norrn_rflocc;six_outlw_magrepack;six_tao_foldmap_a3;SOS;Taosenai;TMR;vts_key;WarFXPE;zam3;[TF]Nkey2\n","state":"playing","updatedat":"2014-01-03T23:51:27Z","verifysignatures":false,"version":"1.08.113494","game":null,"Metadata":{"ServerPassword":null,"IsFavorite":true,"ArmaGameType":2,"HasNotes":false,"Notes":null,"Ping":0,"LastPlayedDate":null}},{"battleye":true,"country":"US","createdat":"2012-07-11T04:49:51Z","dedicated":true,"gamename":"arma2oapc","host":"69.162.119.250","id":264971,"island":"Chernarus","language":65545,"lat":33.0,"lng":-97.0,"mission":"DayZ Epoch Chernarus","mod":"\nArma 2: Operation Arrowhead;Arma 2: British Armed Forces (Lite);Arma 2: Private Military Company (Lite);DayZ Epoch 1.0.3.1;@DayZEpochServer;Expansion;beta\n","mode":"DAYZ","modhash":"\nda39a3ee5e6b4b0d3255bfef95601890afd80709;ab795d9d1a4c31790f05ca676bd4f655f82544d1;7dca954b41530adeac39e6b74803f632d02d002b;3494c953d3e372aa2f5e280d528d0449111b1384;PMC v. 1.02;BAF v. 1.03;e1ce9ce20051ea05a9343c3e2e11ea81789ec899\n","name":"\n-- End of Dayz -- DayZEpoch Safe Traders | Ai Bandit Territory | Mission System | Added Buildings | Self-Bloodbag | Tow/Lift |\n","passworded":false,"platform":"win","players":7,"port":2332,"requiredversion":"162","signatures":"bi;bi2;dayz;dayz_vb;MBART;MBG_AGB","state":"playing","updatedat":"2014-01-03T23:53:26Z","verifysignatures":false,"version":"1.62.103419","game":null,"Metadata":{"ServerPassword":null,"IsFavorite":true,"ArmaGameType":1,"HasNotes":false,"Notes":null,"Ping":66,"LastPlayedDate":null}},{"battleye":false,"country":"GB","createdat":"2009-06-18T20:51:37Z","dedicated":true,"gamename":"arma2oapc","host":"81.19.208.60","id":107586,"island":"phu_bai","language":65545,"lat":null,"lng":null,"mission":"GITS Evolution Phu Bai v4","mod":"\nArma 2;Arma 2: Operation Arrowhead;Arma 2: British Armed Forces;Arma 2: Private Military Company (Lite);@CBA;@CBA_A2;@CBA_OA;@UNS\n","mode":"COOP","modhash":"\n80896d3197b88dd441de21a2713ea5faa49f4ca3;8d15d603cca8999344e01c1719c293053db5962d;d5af993459674089a8da572ab84c0bb807769227;ad5168fec24a4ce539315483487ce472cb63c7d3;PMC v. 1.02;BAF v. 1.03;01a7de012d75ad0f4adb45c885cb9c8ab2636963;\n","name":"GITS Vietnam www.gitsclan.co.uk","passworded":false,"platform":"win","players":0,"port":2300,"requiredversion":"162","signatures":"","state":"playing","updatedat":"2014-01-03T23:52:25Z","verifysignatures":false,"version":"1.62.95251","game":null,"Metadata":{"ServerPassword":null,"IsFavorite":true,"ArmaGameType":1,"HasNotes":true,"Notes":"these are a shitload of notes.... these are a shitload of notes.... these are a shitload of notes.... these are a shitload of notes.... these are a shitload of notes.... these are a shitload of notes.... these are a shitload of notes.... these are a shitload of notes.... these are a shitload of notes.... these are a shitload of notes.... these are a shitload of notes.... these are a shitload of notes.... these are a shitload of notes.... these are a shitload of notes.... these are a shitload of notes.... these are a shitload of notes.... these are a shitload of notes.... these are a shitload of notes.... these are a shitload of notes.... these are a shitload of notes.... these are a shitload of notes.... these are a shitload of notes.... these are a shitload of notes.... these are a shitload of notes.... these are a shitload of notes.... these are a shitload of notes.... these are a shitload of notes.... these are a shitload of notes.... these are a shitload of notes.... these are a shitload of notes.... these are a shitload of notes.... these are a shitload of notes.... these are a shitload of notes.... these are a shitload of notes.... these are a shitload of notes.... these are a shitload of notes.... these are a shitload of notes.... these are a shitload of notes.... these are a shitload of notes.... these are a shitload of notes.... these are a shitload of notes.... these are a shitload of notes.... these are a shitload of notes.... these are a shitload of notes.... these are a shitload of notes.... these are a shitload of notes.... these are a shitload of notes.... these are a shitload of notes.... these are a shitload of notes.... these are a shitload of notes.... these are a shitload of notes.... these are a shitload of notes.... these are a shitload of notes.... these are a shitload of notes.... these are a shitload of notes.... these are a shitload of notes.... these are a shitload of notes.... these are a shitload of notes.... these are a shitload of notes.... these are a shitload of notes.... these are a shitload of notes.... these are a shitload of notes.... these are a shitload of notes.... these are a shitload of notes.... these are a shitload of notes.... these are a shitload of notes.... these are a shitload of notes.... these are a shitload of notes.... these are a shitload of notes.... these are a shitload of notes.... these are a shitload of notes.... these are a shitload of notes.... these are a shitload of notes.... these are a shitload of notes.... these are a shitload of notes.... these are a shitload of notes.... these are a shitload of notes.... these are a shitload of notes.... these are a shitload of notes.... these are a shitload of notes.... these are a shitload of notes.... these are a shitload of notes.... these are a shitload of notes.... these are a shitload of notes.... these are a shitload of notes.... these are a shitload of notes.... these are a shitload of notes.... these are a shitload of notes.... these are a shitload of notes.... these are a shitload of notes.... these are a shitload of notes.... these are a shitload of notes.... these are a shitload of notes.... these are a shitload of notes.... these are a shitload of notes.... these are a shitload of notes.... these are a shitload of notes.... these are a shitload of notes.... these are a shitload of notes.... these are a shitload of notes.... these are a shitload of notes.... these are a shitload of notes.... these are a shitload of notes.... these are a shitload of notes.... these are a shitload of notes.... ","Ping":164,"LastPlayedDate":null}},{"battleye":true,"country":"FR","createdat":"2009-08-28T22:22:32Z","dedicated":true,"gamename":"arma2oapc","host":"94.23.236.5","id":120814,"island":"Chernarus","language":65546,"lat":49.0,"lng":2.0,"mission":"DayZ Cib3rbit Epoch","mod":"\nArma 2;Arma 2: Operation Arrowhead;Arma 2: British Armed Forces (Lite);Arma 2: Private Military Company (Lite);DayZ Epoch 1.0.3.1;@DayZ_Epoch_Server\n","mode":"DAYZ","modhash":"\nda39a3ee5e6b4b0d3255bfef95601890afd80709;3494c953d3e372aa2f5e280d528d0449111b1384;PMC v. 1.02;BAF v. 1.03;01a7de012d75ad0f4adb45c885cb9c8ab2636963;\n","name":"\n[esp] Cib3rBit DayZ Epoch [ts3.cib3rbit.es][AntiHack][Whitelist][Auto-Refuel][Misiones IA][Self Blood][ZonaTrader No PVP][Tow/Li\n","passworded":false,"platform":"win","players":26,"port":2324,"requiredversion":"162","signatures":"","state":"playing","updatedat":"2014-01-03T23:53:35Z","verifysignatures":false,"version":"1.62.103718","game":null,"Metadata":{"ServerPassword":null,"IsFavorite":true,"ArmaGameType":1,"HasNotes":false,"Notes":null,"Ping":10000,"LastPlayedDate":null}},{"battleye":false,"country":"CH","createdat":"2012-06-28T23:27:30Z","dedicated":true,"gamename":"arma2oapc","host":"84.73.234.120","id":255518,"island":"reshmaan","language":65545,"lat":null,"lng":null,"mission":"=SFRJ= Denimanija V1 alpha_dropTruck","mod":"\nArma 2;Arma 2: Operation Arrowhead;Arma 2: British Armed Forces (Lite);Arma 2: Private Military Company (Lite);@ACE;@ACEX;@ACEX_RU;@ACEX_USNavy;@ACRE;@CBA;@CBA_A2;@CBA_OA;@JayArma2Lib;@JayArma2Lib_new;mad_buildings (v.0.80 beta);Reshmaan Province (v.0.80 beta);@ZEUS\n","mode":"Coop","modhash":"\ne6a8b79d9c1d140f09c87e1a9e15f64dd98c39e2;f76b641cc0988ec3dd1519332e46c80787343d01;76ccd48798247d6d4037a05eedf12cef2797107d;192ae5954aced9bb3502bb2d42be90cc92999fd4;da39a3ee5e6b4b0d3255bfef95601890afd80709;8d15d603cca8999344e01c1719c293053db5962d;d5af993459674089a8da572ab84c0bb807769227;205e5a6279c412df00e8de65dca9af6b2d52cbb5;4bf9117663a23a09d00cdea7a984cae2aa086cdd;05dec8921927e732b8481c3b371a0a9202d9fb93;7a6669b2883c0ba18177f1b583ccd97a8046afb7;340d159ee62e93892d6cd6e8c530660de0bbfc14;2791908b37bef71f5cd5da512c81c7f9e60532fc;PMC v. 1.02;BAF v. 1.03;01a7de012d75ad0f4adb45c885cb9c8ab2636963;\n","name":"\n=SFRJ= JUGOSLAVIJA CO ACE//RESHMAN// server 29///// TS// 84.73.234.120\n","passworded":false,"platform":"win","players":0,"port":2302,"requiredversion":"162","signatures":"","state":"playing","updatedat":"2014-01-03T23:49:54Z","verifysignatures":false,"version":"1.62.95251","game":null,"Metadata":{"ServerPassword":null,"IsFavorite":true,"ArmaGameType":1,"HasNotes":false,"Notes":null,"Ping":10000,"LastPlayedDate":null}},{"battleye":false,"country":"US","createdat":"2012-07-01T22:53:02Z","dedicated":true,"gamename":"arma2oapc","host":"216.52.148.140","id":257708,"island":"MCN_Neaville_Winter","language":65545,"lat":null,"lng":null,"mission":"Assualt_Neaville_101stAB","mod":"\nArma 2: British Armed Forces (Lite);Arma 2: Private Military Company (Lite);arma 2;Arma 2: Operation Arrowhead;Arma 2;@CBA;@CBA_A2;@CBA_OA;Invasion 1944;@Jayarma2lib;@ACRE;@101stmodpack\n","mode":"Coop","modhash":"\nfae8bee289489abab824a1207562405cc76bab10;4bf9117663a23a09d00cdea7a984cae2aa086cdd;192ae5954aced9bb3502bb2d42be90cc92999fd4;722631f9b4905e417cd4c276b1ac3524f8d1fe39;405d96d1767b68cb1fd2d0b6fb3feee1a56d751b;b611b8debecb34f74b7b71ba7f99ecc88a3bca85;da2e57cdbba41899cc9aeba4faf8b0eb085dea5f;;01a7de012d75ad0f4adb45c885cb9c8ab2636963;e65cd59c77e6c0821b287bb8cd10d372f01cc9c5;PMC v. 1.02;BAF v. 1.03\n","name":"\n101st Airborne Division, 501st PIR | Training Server | www.101stab.us\n","passworded":false,"platform":"win","players":10,"port":2455,"requiredversion":"162","signatures":"","state":"playing","updatedat":"2014-01-03T23:53:05Z","verifysignatures":false,"version":"1.62.95251","game":null,"Metadata":{"ServerPassword":null,"IsFavorite":true,"ArmaGameType":1,"HasNotes":false,"Notes":null,"Ping":61,"LastPlayedDate":null}},{"battleye":true,"country":"RU","createdat":"2012-06-28T03:53:39Z","dedicated":true,"gamename":"arma2oapc","host":"95.154.113.100","id":254932,"island":"Chernarus","language":65545,"lat":60.0,"lng":100.0,"mission":"DayZ Mod v1.8.0.3","mod":"\nArma 2: British Armed Forces (Lite);Arma 2: Private Military Company (Lite);beta;Expansion;Arma 2: Operation Arrowhead;Arma 2;Arma 2: DayZ Mod;@hive\n","mode":"DAYZ","modhash":"\n75d56f94d9a5d4828cc4116f3d3e52bac1f57abe;0c67ea8ff1277a3238511d317839da5660d12060;;308222943033ee049ee6c9e930bd074bb81e5b1e;20b401fe50e171eebb8c0f5fe2f798cc709608c9;da39a3ee5e6b4b0d3255bfef95601890afd80709;PMC v. 1.01;BAF v. 1.02\n","name":"\nDayZ - Vladivostok 29 (1.8.0.3/beta 103718) [VETERAN 3DP:ON CH:ON][GMT+5] dayzmod.com - hosted by inetvl.ru\n","passworded":false,"platform":"win","players":0,"port":2302,"requiredversion":"162","signatures":"bi;dayz;bi2","state":"playing","updatedat":"2014-01-03T23:50:33Z","verifysignatures":false,"version":"1.62.103718","game":null,"Metadata":{"ServerPassword":null,"IsFavorite":true,"ArmaGameType":1,"HasNotes":false,"Notes":null,"Ping":10000,"LastPlayedDate":null}},{"battleye":true,"country":"US","createdat":"2013-03-09T15:22:01Z","dedicated":true,"gamename":"arma3pc","host":"208.70.251.154","id":382,"island":"Altis","language":65545,"lat":999999.999999999999,"lng":999999.999999999999,"mission":"DMM ALTIS DOMINATION V1","mod":"Arma 3","mode":"DOM","modhash":"dd5a527f1fd99e147af2c34a88cc13281b7d41d4","name":"DMMCLAN.NET Dedicated","passworded":false,"platform":"win","players":0,"port":2322,"requiredversion":"108","signatures":"","state":"playing","updatedat":"2014-01-03T23:52:09Z","verifysignatures":false,"version":"1.08.113494","game":null,"Metadata":{"ServerPassword":null,"IsFavorite":true,"ArmaGameType":2,"HasNotes":false,"Notes":null,"Ping":41,"LastPlayedDate":null}},{"battleye":true,"country":"DE","createdat":"2009-06-30T19:07:19Z","dedicated":true,"gamename":"arma2oapc","host":"188.40.59.149","id":110873,"island":"isladuala","language":65543,"lat":null,"lng":null,"mission":"SR_Team_Domination","mod":"\nArma 2;Arma 2: Operation Arrowhead;Arma 2: British Armed Forces (Lite);Arma 2: Private Military Company (Lite);@fallujah;Isla Duala 1.97;@BWMod;@bw-compilation;AMT 1.41;@ASG;@CBA;Lingor Island 1.4;Lingor Units 1.3;@RKSL;@ASC_EU_Lights;@BB_OA_A2_CO_Female_Soldiers_v3;@Reshmaan_Province;mad_buildings (v.0.80 beta);@CBA_OA;@CBA_A2\n","mode":"COOP","modhash":"\n28b2b903769dc05f255225b0c01ff8674eb017d0;108662c4751b480b9cb2625516c571036458494e;76ccd48798247d6d4037a05eedf12cef2797107d;;265bf27bc392826ec5962d63fe54ee04090f2ec5;a80e98e1c881d9c7eaa75d258eaf3b0eb01e9e14;0d8da01794dabe55dc1e22a437885e725155d9ca;9a363f8b40cfccebc6da6e07f90f4c0174a66eab;54152980923d6c9ac65386dee72721540a4a6291;e308f27f313c510b571e771dc1bdf0da510a364e;1729710c7564a869cfa7561bd112f2b9a24eb836;efe72a4f15ffe5d23bf6e5a4d4e8afdc1654d09d;52480f3cceb3c1e2a9fb2a9a163ef57f105556e5;94413471d59bfb8b84fd6c9ebba5c5e46b55fa62;7decb117ebc9ab0de38a85e809b38fa009d5b6c9;4b34d1683b4bad90e4a2de4aa23bc5f31b152aa9;PMC v. 1.02;BAF v. 1.03;01a7de012d75ad0f4adb45c885cb9c8ab2636963;\n","name":"SR Team Server","passworded":false,"platform":"win","players":0,"port":2312,"requiredversion":"162","signatures":"","state":"playing","updatedat":"2014-01-03T23:54:11Z","verifysignatures":false,"version":"1.62.95251","game":null,"Metadata":{"ServerPassword":null,"IsFavorite":true,"ArmaGameType":1,"HasNotes":false,"Notes":null,"Ping":185,"LastPlayedDate":null}},{"battleye":true,"country":"RU","createdat":"2009-07-23T20:56:49Z","dedicated":true,"gamename":"arma2oapc","host":"217.199.212.71","id":115748,"island":"Chernarus","language":65561,"lat":null,"lng":null,"mission":"[CO40] Domination CO East 2.71 [3.3]","mod":"\nArma 2;Arma 2: Operation Arrowhead (Lite);Arma 2: British Armed Forces (Lite);Arma 2: Private Military Company (Lite)\n","mode":"Coop","modhash":"\nPMC v. 1.02;BAF v. 1.03;cf2daa733be1a1b0b2628ea310a33c88c3f9d399;\n","name":"otstrel.ru Public #3","passworded":false,"platform":"win","players":6,"port":2510,"requiredversion":"162","signatures":"\nacex_sm;asr_ai;bi;bi2;CBA;cba_a2_b8;cba_b179;CBA_b196;cba_oa_b6;CBA_v0-8-3;CSM2;GDTMod;gdtmod_binocular;gdtmod_grass;gdtmod_sun;HiFi_weapons_BETA;JSRS15_V2;shacktac;six_blastcore_visuals;six_csm2;six_csm2oa;six_gdtmod_bino;six_gdtmod_grass;six_gdtmod_hdr;six_gdtmod_sun;six_hifi_air;six_hifi_sfx;six_hifi_vehicle_weapons;six_hifi_weapons_long;six_rh_heli_sound;SIX_SOW;six_sowmod;six_stmovement;six_trfw;six_trrw;six_trtv;six_trwv;six_vop_sound;TRSM;VopSound;WarFXPE\n","state":"playing","updatedat":"2014-01-03T23:53:40Z","verifysignatures":false,"version":"1.62.95251","game":null,"Metadata":{"ServerPassword":null,"IsFavorite":true,"ArmaGameType":1,"HasNotes":false,"Notes":null,"Ping":215,"LastPlayedDate":null}},{"battleye":false,"country":"US","createdat":"2009-06-26T22:06:05Z","dedicated":true,"gamename":"arma2oapc","host":"98.179.160.13","id":109507,"island":"clafghan","language":65545,"lat":null,"lng":null,"mission":"GITS Evolution RACS Afghan v2","mod":"\nArma 2;Arma 2: Operation Arrowhead;Arma 2: Private Military Company (Lite);@ACRE;@CBA;@CBA_A2;@CBA_OA;@Clafghan;@ibr_plants;@ibr_rn;@JayArma2Lib;@mcc_sandbox;@PRACS;@sti_uh60l;Arma 2: British Armed Forces\n","mode":"COOP","modhash":"\nBAF v. 1.03;aa5217aeb91b3f827575977e8a16a7f1a799507f;83173f3b5459fb511361b3648cc083625181a41b;312524e9e5f7cd802e8420bfd4a620f25685c6dc;192ae5954aced9bb3502bb2d42be90cc92999fd4;db447e99d3f93e311de332ce3558d816170902c8;5f1ea2311fdc3439ad24d0b3bce52b81003772a4;b3e5b1289c71d3175157e4360f3d5710e8b6f9cc;8d15d603cca8999344e01c1719c293053db5962d;d5af993459674089a8da572ab84c0bb807769227;205e5a6279c412df00e8de65dca9af6b2d52cbb5;4bf9117663a23a09d00cdea7a984cae2aa086cdd;PMC v. 1.02;01a7de012d75ad0f4adb45c885cb9c8ab2636963;\n","name":"RHODE ISLAND ANG 143rd Airlift Wing","passworded":false,"platform":"win","players":1,"port":2302,"requiredversion":"162","signatures":"","state":"playing","updatedat":"2014-01-03T23:49:57Z","verifysignatures":false,"version":"1.62.95251","game":null,"Metadata":{"ServerPassword":null,"IsFavorite":true,"ArmaGameType":1,"HasNotes":false,"Notes":null,"Ping":0,"LastPlayedDate":null}}]