[{"battleye":true,"country":"US","createdat":"2010-09-03T21:11:34Z","dedicated":true,"gamename":"arma2oapc","host":"70.42.74.59","id":147473,"island":"isladuala","language":65545,"lat":41.0,"lng":-74.0,"mission":"TVT24 Kirabo Is Ours v1.7","mod":"Arma 2;Arma 2: Operation Arrowhead;Arma 2: British Armed Forces (Lite);Arma 2: Private Military Company (Lite);@ACE;@ACEX;@ACEX_SM;@ACEX_RU;@ACEX_USNAVY;Community Base Addons: CO (A2/OA);@ACRE;@UOMods;@UOMaps;beta;expansion","mode":"TVT","modhash":"3b0211b3d316862751a7518b4e9ba1ed6b51072f;b35daad3a16ae83d57edd182dc9e674177294c47;7d11636dfa1a7bc3748ebcc0615548108da64171;91e1e8d960f3d9c4e1a9111495885d2b815e39d4;4bf9117663a23a09d00cdea7a984cae2aa086cdd;0320f29d02a44f096f3ddec896cfafa57611ddb6;05dec8921927e732b8481c3b371a0a9202d9fb93;7a6669b2883c0ba18177f1b583ccd97a8046afb7;;340d159ee62e93892d6cd6e8c530660de0bbfc14;d69e9e11eaebfb37850d8e14ce179dc8898bcb6e;PMC v. 1.02;BAF v. 1.03;87e626ffd9867f5230c3fdc443a1b0c83eb84d3e;","name":"UnitedOperations.Net - SRV1 - Primary","passworded":false,"platform":"win","players":11,"port":2302,"requiredversion":"162","signatures":"acex_b368;acex_ru_b74;acex_sm;acex_usnavy_b75;ace_b597;acre;acre2;bi;bi2;CBA;cba_a2_b8;cba_b179;CBA_b196;cba_oa_b6;disable_smoke;HORDE;I44;jayarma2lib;JSRS15_V2;Schwemlitz;shacktac;shacktac_lb_enhance;UnitedOperations;UOACRE_20140315;UOMaps_20140315;UOMods_20140315;UOTest_20140315","state":"playing","updatedat":"2014-04-13T06:39:10Z","verifysignatures":false,"version":"1.62.108074","game":null,"Metadata":{"ServerPassword":null,"IsFavorite":false,"ArmaGameType":1,"HasNotes":false,"Notes":null,"Ping":0,"LastPlayedDate":null}},{"battleye":true,"country":"DE","createdat":"2013-03-09T15:21:54Z","dedicated":true,"gamename":"arma3pc","host":"144.76.235.229","id":61,"island":"Altis","language":65545,"lat":36.0,"lng":-115.0,"mission":"Altis Life RPG","mod":"Arma 3;@life_server;@Arma2NET","mode":"RPG","modhash":"\nda39a3ee5e6b4b0d3255bfef95601890afd80709;734b9cd2c3fab6afcce4e833acd85f518e831625;\n","name":"www.OWND.so Gaming Community Altis-Life RPG","passworded":false,"platform":"win","players":2,"port":2302,"requiredversion":"108","signatures":"a3","state":"playing","updatedat":"2014-01-03T23:53:14Z","verifysignatures":false,"version":"1.08.113494","game":null,"Metadata":{"ServerPassword":null,"IsFavorite":false,"ArmaGameType":2,"HasNotes":false,"Notes":null,"Ping":178,"LastPlayedDate":"4/21/2014"}},{"battleye":false,"country":"US","createdat":"2012-07-16T19:45:12Z","dedicated":true,"gamename":"arma2pc","host":"173.167.184.29","id":269623,"island":"chernarus","language":65545,"lat":null,"lng":null,"mission":"[PWNG] DOMINATION v2.60 West Revive by Xeno","mod":"CA","mode":"COOP","modhash":"","name":"[PWNG] ArmA 2 - Favorites","passworded":true,"platform":"win","players":0,"port":2302,"requiredversion":"110","signatures":"bi;bi2","state":"playing","updatedat":"2014-01-03T23:52:44Z","verifysignatures":true,"version":"1.10.80666","game":null,"Metadata":{"ServerPassword":"fun","IsFavorite":false,"ArmaGameType":1,"HasNotes":false,"Notes":null,"Ping":10000,"LastPlayedDate":"4/21/2014"}}]